[{"model": "forum.user", "pk": 1, "fields": {"create_time": "2016-07-06T07:05:18.044Z", "mod_time": "2016-07-06T07:05:18.044Z", "user_id": "u1", "first_name": "Saurabh", "last_name": "Jain", "email": "getsaurabhjain@gmail.com"}}, {"model": "forum.user", "pk": 2, "fields": {"create_time": "2016-07-07T00:21:47.395Z", "mod_time": "2016-07-07T00:21:47.395Z", "user_id": "d2c5bf76-e4dd-40c5-9", "first_name": "", "last_name": "", "email": "sjain@shoprunner.com"}}, {"model": "forum.user", "pk": 3, "fields": {"create_time": "2016-07-07T00:25:46.872Z", "mod_time": "2016-07-07T00:25:46.872Z", "user_id": "83c8b624-7ec1-4957-ae1e-0a9ee11946d9", "first_name": "", "last_name": "", "email": "ge@jj.com"}}, {"model": "forum.user", "pk": 4, "fields": {"create_time": "2016-07-07T07:18:13.683Z", "mod_time": "2016-07-07T07:18:13.683Z", "user_id": "f2805b83-4354-49cb-9a56-3aa105a49d47", "first_name": "", "last_name": "", "email": "foo@foo.com"}}, {"model": "forum.user", "pk": 5, "fields": {"create_time": "2016-07-07T07:40:23.724Z", "mod_time": "2016-07-07T07:40:23.724Z", "user_id": "0c9b87b8-a561-41e3-a25e-f520cc1a16d6", "first_name": "", "last_name": "", "email": "sjain@shoprunner.xom"}}, {"model": "forum.user", "pk": 6, "fields": {"create_time": "2016-07-07T07:42:26.186Z", "mod_time": "2016-07-07T07:42:26.186Z", "user_id": "5cab8ca4-0390-4f20-83be-b3b6f94c5476", "first_name": "", "last_name": "", "email": "jfkd@fkdj.com"}}, {"model": "forum.user", "pk": 7, "fields": {"create_time": "2016-07-07T07:43:28.135Z", "mod_time": "2016-07-07T07:43:28.135Z", "user_id": "49fb8bff-e99d-4e1e-af54-4d02c08f694e", "first_name": "", "last_name": "", "email": "jfkdk@jfj.com"}}, {"model": "forum.user", "pk": 8, "fields": {"create_time": "2016-07-07T07:53:57.301Z", "mod_time": "2016-07-07T07:53:57.301Z", "user_id": "b3408233-80fe-4578-a233-1b3d1ae96edf", "first_name": "", "last_name": "", "email": "djf@fjkfk.com"}}, {"model": "forum.user", "pk": 9, "fields": {"create_time": "2016-07-07T07:54:31.090Z", "mod_time": "2016-07-07T07:54:31.090Z", "user_id": "a5ba7c2e-343b-441f-b5e9-ff5e870b2915", "first_name": "", "last_name": "", "email": "jkfjdk@fhjkdhf.com"}}, {"model": "forum.user", "pk": 10, "fields": {"create_time": "2016-07-07T08:00:31.581Z", "mod_time": "2016-07-07T08:00:31.581Z", "user_id": "1fba7766-4cdf-4655-9260-1453caedba72", "first_name": "", "last_name": "", "email": "fjdkjfd@jfkdjf.com"}}, {"model": "forum.user", "pk": 11, "fields": {"create_time": "2016-07-07T23:14:43.338Z", "mod_time": "2016-07-07T23:14:43.338Z", "user_id": "de3c6cfe-54cc-4420-a53e-87d01f24f8f5", "first_name": "", "last_name": "", "email": "dddd@ddd.com"}}, {"model": "forum.user", "pk": 12, "fields": {"create_time": "2016-07-07T23:30:23.503Z", "mod_time": "2016-07-07T23:30:23.504Z", "user_id": "8b9861b5-462b-4bca-a126-4ce48a7b7610", "first_name": "", "last_name": "", "email": "fjkdhfk@jfkdf.com"}}, {"model": "forum.user", "pk": 13, "fields": {"create_time": "2016-07-07T23:34:34.977Z", "mod_time": "2016-07-07T23:34:34.978Z", "user_id": "70a05f4d-473f-4a59-80cf-8c15d141d27c", "first_name": "", "last_name": "", "email": "nnnN@fdfd.com"}}, {"model": "forum.user", "pk": 14, "fields": {"create_time": "2016-07-07T23:34:47.564Z", "mod_time": "2016-07-07T23:34:47.564Z", "user_id": "ce80ef25-3a60-4f09-b6d3-4bd2eb3d5160", "first_name": "", "last_name": "", "email": "fff@cdc.com"}}, {"model": "forum.followuser", "pk": 1, "fields": {"create_time": "2016-07-07T08:12:02.077Z", "mod_time": "2016-07-07T08:12:02.077Z", "follower": 1, "following": 5}}, {"model": "forum.topic", "pk": 1, "fields": {"create_time": "2016-07-06T07:05:49.019Z", "mod_time": "2016-07-06T07:05:49.019Z", "creator": 1, "title": "topic1"}}, {"model": "forum.topic", "pk": 2, "fields": {"create_time": "2016-07-06T22:44:08.405Z", "mod_time": "2016-07-06T22:44:08.405Z", "creator": 1, "title": "this is topic 2"}}, {"model": "forum.topicthread", "pk": 1, "fields": {"create_time": "2016-07-06T07:35:32.992Z", "mod_time": "2016-07-06T07:35:32.992Z", "creator": 1, "title": "thread1", "topic": 1}}, {"model": "forum.topicthread", "pk": 2, "fields": {"create_time": "2016-07-06T22:45:13.675Z", "mod_time": "2016-07-06T22:45:13.675Z", "creator": 1, "title": "thread 2", "topic": 1}}, {"model": "forum.post", "pk": 1, "fields": {"create_time": "2016-07-06T08:23:01.865Z", "mod_time": "2016-07-06T08:23:01.866Z", "content": "this is a post", "author": 1, "topic_thread": 1}}, {"model": "forum.post", "pk": 2, "fields": {"create_time": "2016-07-07T07:43:28.149Z", "mod_time": "2016-07-07T07:43:28.150Z", "content": "foo post", "author": 7, "topic_thread": 2}}, {"model": "forum.post", "pk": 3, "fields": {"create_time": "2016-07-07T07:52:55.462Z", "mod_time": "2016-07-07T07:52:55.462Z", "content": "my post", "author": 2, "topic_thread": 1}}, {"model": "forum.post", "pk": 4, "fields": {"create_time": "2016-07-07T07:53:00.216Z", "mod_time": "2016-07-07T07:53:00.216Z", "content": "my post", "author": 2, "topic_thread": 1}}, {"model": "forum.post", "pk": 5, "fields": {"create_time": "2016-07-07T07:53:03.411Z", "mod_time": "2016-07-07T07:53:03.411Z", "content": "my post", "author": 2, "topic_thread": 1}}, {"model": "forum.post", "pk": 6, "fields": {"create_time": "2016-07-07T07:53:06.049Z", "mod_time": "2016-07-07T07:53:06.049Z", "content": "my post", "author": 2, "topic_thread": 1}}, {"model": "forum.post", "pk": 7, "fields": {"create_time": "2016-07-07T07:53:09.443Z", "mod_time": "2016-07-07T07:53:09.443Z", "content": "my post", "author": 2, "topic_thread": 1}}, {"model": "forum.post", "pk": 8, "fields": {"create_time": "2016-07-07T07:53:10.297Z", "mod_time": "2016-07-07T07:53:10.297Z", "content": "my post", "author": 2, "topic_thread": 1}}, {"model": "forum.post", "pk": 9, "fields": {"create_time": "2016-07-07T07:53:57.306Z", "mod_time": "2016-07-07T07:53:57.306Z", "content": "my post", "author": 8, "topic_thread": 1}}, {"model": "forum.post", "pk": 10, "fields": {"create_time": "2016-07-07T07:54:31.096Z", "mod_time": "2016-07-07T07:54:31.096Z", "content": "jnfdkhfkdhfkd", "author": 9, "topic_thread": 2}}, {"model": "forum.post", "pk": 11, "fields": {"create_time": "2016-07-07T08:00:31.589Z", "mod_time": "2016-07-07T08:00:31.589Z", "content": "another one", "author": 10, "topic_thread": 2}}, {"model": "forum.postreply", "pk": 1, "fields": {"create_time": "2016-07-06T08:51:47.980Z", "mod_time": "2016-07-06T08:51:47.981Z", "content": "reply1", "author": 1, "post": 1}}, {"model": "forum.postreply", "pk": 2, "fields": {"create_time": "2016-07-07T00:21:47.403Z", "mod_time": "2016-07-07T00:21:47.403Z", "content": "my reply", "author": 2, "post": 1}}, {"model": "forum.postreply", "pk": 3, "fields": {"create_time": "2016-07-07T00:24:03.809Z", "mod_time": "2016-07-07T00:24:03.809Z", "content": "my new reply", "author": 1, "post": 1}}, {"model": "forum.postreply", "pk": 4, "fields": {"create_time": "2016-07-07T00:24:05.309Z", "mod_time": "2016-07-07T00:24:05.309Z", "content": "my new reply", "author": 1, "post": 1}}, {"model": "forum.postreply", "pk": 5, "fields": {"create_time": "2016-07-07T00:24:06.658Z", "mod_time": "2016-07-07T00:24:06.658Z", "content": "my new reply", "author": 1, "post": 1}}, {"model": "forum.postreply", "pk": 6, "fields": {"create_time": "2016-07-07T00:24:09.344Z", "mod_time": "2016-07-07T00:24:09.344Z", "content": "my new reply", "author": 1, "post": 1}}, {"model": "forum.postreply", "pk": 7, "fields": {"create_time": "2016-07-07T00:25:46.876Z", "mod_time": "2016-07-07T00:25:46.876Z", "content": "foo bar", "author": 3, "post": 1}}, {"model": "forum.postreply", "pk": 8, "fields": {"create_time": "2016-07-07T00:25:53.250Z", "mod_time": "2016-07-07T00:25:53.250Z", "content": "foo bar", "author": 3, "post": 1}}, {"model": "forum.postreply", "pk": 9, "fields": {"create_time": "2016-07-07T00:25:54.106Z", "mod_time": "2016-07-07T00:25:54.106Z", "content": "foo bar", "author": 3, "post": 1}}, {"model": "forum.postreply", "pk": 10, "fields": {"create_time": "2016-07-07T07:18:13.692Z", "mod_time": "2016-07-07T07:18:13.692Z", "content": "yet another reply", "author": 4, "post": 1}}, {"model": "forum.postreply", "pk": 11, "fields": {"create_time": "2016-07-07T23:14:43.342Z", "mod_time": "2016-07-07T23:14:43.342Z", "content": "dd", "author": 11, "post": 2}}, {"model": "forum.postreply", "pk": 12, "fields": {"create_time": "2016-07-07T23:14:46.430Z", "mod_time": "2016-07-07T23:14:46.430Z", "content": "dd", "author": 11, "post": 10}}, {"model": "forum.postreply", "pk": 13, "fields": {"create_time": "2016-07-07T23:14:47.664Z", "mod_time": "2016-07-07T23:14:47.664Z", "content": "dd", "author": 11, "post": 11}}, {"model": "forum.postreply", "pk": 14, "fields": {"create_time": "2016-07-07T23:34:34.984Z", "mod_time": "2016-07-07T23:34:34.984Z", "content": "another one bites the dust", "author": 13, "post": 1}}, {"model": "forum.postreply", "pk": 15, "fields": {"create_time": "2016-07-07T23:34:47.570Z", "mod_time": "2016-07-07T23:34:47.570Z", "content": "ff@fff.com", "author": 14, "post": 7}}]